{"cameraMode":{"drawMode":0,"name":"Shaded","section":"Shading Mode"},"sceneLighting":true,"audioPlay":false,"sceneViewState":{"showFog":true,"showMaterialUpdate":false,"showSkybox":true,"showFlares":true,"showImageEffects":true,"showParticleSystems":true},"in2DMode":false,"pivot":{"x":-5.7140350341796879,"y":-1.924070954322815,"z":5.748495101928711},"rotation":{"x":-0.08585645258426666,"y":0.2946074604988098,"z":-0.026587631553411485,"w":-0.9513888359069824},"size":6.79802131652832,"orthographic":false}